{
  "seed": 42,
  "epoch": 22,
  "score": 1.4182413189899543,
  "val_loss": 0.2506421271425027,
  "mse": 0.3522600232344633,
  "pearson": 0.6640992170004617,
  "spearman": 0.6473814550498574,
  "acc": 0.7893681043129388
}