{
  "seed": 42,
  "epoch": 22,
  "score": 1.4034312902211772,
  "val_loss": 0.243024281393259,
  "mse": 0.3405430482942265,
  "pearson": 0.6631852640244187,
  "spearman": 0.6504247295711231,
  "acc": 0.7743003310261811
}