{
  "seed": 42,
  "epoch": 19,
  "score": 1.4529620217997015,
  "val_loss": 0.23761925169012763,
  "mse": 0.33313496719808905,
  "pearson": 0.690644538198153,
  "spearman": 0.6832816177301569,
  "acc": 0.7956309803213576
}