{
  "seed": 42,
  "epoch": 23,
  "score": 1.4241151050341554,
  "val_loss": 0.24541101929468986,
  "mse": 0.3452903598070816,
  "pearson": 0.6680934338225675,
  "spearman": 0.6531891976768268,
  "acc": 0.7905507071922961
}