{
  "seed": 42,
  "epoch": 22,
  "score": 1.4159067107725543,
  "val_loss": 0.23747904980793977,
  "mse": 0.33338166439630673,
  "pearson": 0.6676218458148533,
  "spearman": 0.6596637900340542,
  "acc": 0.7816230313973317
}