{
  "seed": 42,
  "epoch": 17,
  "score": 1.4339896029808816,
  "val_loss": 0.24603549945048797,
  "mse": 0.34451491294800807,
  "pearson": 0.6756627592706674,
  "spearman": 0.6682591084714952,
  "acc": 0.792778335005015
}