{
  "seed": 42,
  "epoch": 28,
  "score": 1.402921961381486,
  "val_loss": 0.254736029966311,
  "mse": 0.36622902750968933,
  "pearson": 0.6545656260028286,
  "spearman": 0.6477296854933878,
  "acc": 0.7849792381296263
}