{
  "seed": 13,
  "epoch": 7,
  "score": 1.296309033217096,
  "val_loss": 0.2887823849239133,
  "mse": 0.41615965962409973,
  "pearson": 0.5849009876250738,
  "spearman": 0.5784372991280711,
  "acc": 0.7530240115544322
}