{
  "seed": 42,
  "epoch": 17,
  "score": 1.451454928463862,
  "val_loss": 0.23845643109895967,
  "mse": 0.32876588217252745,
  "pearson": 0.6941166764572478,
  "spearman": 0.6816751954490861,
  "acc": 0.7902148402238671
}