{
  "seed": 42,
  "epoch": 25,
  "score": 1.3855216548273317,
  "val_loss": 0.26280020583759656,
  "mse": 0.3733738362789154,
  "pearson": 0.6416710983938403,
  "spearman": 0.6345888305783847,
  "acc": 0.7811879400613829
}