{
  "seed": 42,
  "epoch": 14,
  "score": 1.3150851679429423,
  "val_loss": 0.29010854018005455,
  "mse": 0.41270869970321655,
  "pearson": 0.599721266293838,
  "spearman": 0.5926324160930645,
  "acc": 0.7566347716194259
}