{
  "seed": 42,
  "epoch": 33,
  "score": 1.3608712745335165,
  "val_loss": 0.2669691023501483,
  "mse": 0.3851326107978821,
  "pearson": 0.624334887662411,
  "spearman": 0.6196871837298323,
  "acc": 0.7750496479508937
}