{
  "seed": 42,
  "epoch": 28,
  "score": 1.3964350759432964,
  "val_loss": 0.253913206810301,
  "mse": 0.36448973417282104,
  "pearson": 0.6495296532601994,
  "spearman": 0.6421792871442783,
  "acc": 0.7833543961003792
}